,customer_id,predictions,not_churn_probability,churn_probability
5725,5854-KSRBJ,0,1.0,0.0
6336,8207-DMRVL,0,1.0,0.0
5730,5939-SXWHM,0,1.0,0.0
5994,0181-RITDD,0,1.0,0.0
1577,4853-OITSN,1,0.21,0.79
783,1226-IENZN,0,1.0,0.0
6801,6371-NZYEG,0,1.0,0.0
1777,5740-YHGTW,0,1.0,0.0
6113,3096-YXENJ,0,1.0,0.0
2016,6896-SRVYQ,0,1.0,0.0
1541,4724-WXVWF,0,1.0,0.0
5823,7493-GVFIO,0,1.0,0.0
5905,8727-JQFHV,0,1.0,0.0
3578,7587-RZNME,1,0.39,0.61
1064,2640-PMGFL,0,1.0,0.0
748,1035-IPQPU,0,1.0,0.0
574,0237-YFUTL,0,1.0,0.0
1135,2897-DOVND,0,0.58,0.42
4080,5808-TOTXO,0,0.92,0.08
5244,8109-YUOHE,0,1.0,0.0
5926,8966-KZXXA,0,1.0,0.0
4817,0667-NSRGI,0,1.0,0.0
4977,3569-VLDHH,0,1.0,0.0
761,1104-TNLZA,0,1.0,0.0
481,9103-CXVOK,1,0.455,0.545
3354,5650-VDUDS,1,0.38,0.62
6942,8338-QIUNR,0,1.0,0.0
2069,7147-AYBAA,0,1.0,0.0
4042,4697-LUPSU,0,0.87,0.13
2222,7892-POOKP,0,1.0,0.0
2033,6968-GMKPR,0,1.0,0.0
3866,9863-JZAIC,0,1.0,0.0
1681,5302-BDJNT,0,1.0,0.0
2702,0516-WJVXC,0,0.56,0.44
5893,8514-VZHEB,0,1.0,0.0
3426,6304-IJFSQ,0,0.53,0.47
3356,5651-WYIPH,0,0.99,0.01
2717,0661-XEYAN,1,0.21,0.79
1957,6591-QGOYB,0,1.0,0.0
4583,6270-OMFIW,0,1.0,0.0
4569,5981-ZVXOT,0,1.0,0.0
4863,1402-PTHGN,0,1.0,0.0
2567,9633-XQABV,1,0.3775,0.6225
5878,8232-UTFOZ,0,1.0,0.0
2748,0867-LDTTC,1,0.48,0.52
6356,8777-MBMTS,0,1.0,0.0
5911,8774-GSBUN,0,1.0,0.0
2980,2843-CQMEG,0,1.0,0.0
3093,3703-TTEPD,0,1.0,0.0
3599,7729-JTEEC,1,0.28,0.72
5388,0626-QXNGV,0,1.0,0.0
4610,6728-DKUCO,0,1.0,0.0
5268,8627-EHGIP,0,1.0,0.0
2198,7752-XUSCI,0,1.0,0.0
303,5539-HIVAK,0,0.96,0.04
5283,8869-TORSS,0,1.0,0.0
6420,0114-IGABW,0,1.0,0.0
459,8713-IGZSO,0,0.96,0.04
2024,6917-YACBP,0,1.0,0.0
4620,6849-OYAMU,0,1.0,0.0
5460,1767-CJKBA,0,1.0,0.0
6431,0277-ORXQS,0,1.0,0.0
2293,8212-CRQXP,0,0.98,0.02
4772,9896-UYMIE,0,1.0,0.0
5036,4611-ANLQC,0,1.0,0.0
5895,8532-UEFWH,0,1.0,0.0
6073,2040-XBAVJ,0,1.0,0.0
4229,9732-OUYRN,0,1.0,0.0
3668,8205-MQUGY,0,1.0,0.0
3912,1179-INLAT,0,0.94,0.06
4475,4423-JWZJN,0,1.0,0.0
3832,9588-OZDMQ,1,0.45,0.55
441,8262-COGGB,0,0.83,0.17
239,4291-HPAXL,1,0.3368333333333334,0.6631666666666668
5975,9800-OUIGR,0,1.0,0.0
2484,9274-UARKJ,0,0.99,0.01
1175,3049-NDXFL,1,0.05,0.95
5951,9424-CMPOG,0,1.0,0.0
2940,2485-ITVKB,1,0.25,0.75
4149,7369-TRPFD,0,0.99,0.01
4423,3301-VKTGC,0,1.0,0.0
1696,5371-VYLSX,0,1.0,0.0
6355,8707-HOEDG,0,1.0,0.0
3995,3523-BRGUW,0,1.0,0.0
3903,1022-RKXDR,0,1.0,0.0
1349,3834-XUIFC,1,0.33,0.67
2113,7346-MEDWM,0,1.0,0.0
3749,8851-RAGOV,0,1.0,0.0
1661,5228-EXCET,0,0.99,0.01
1833,5981-ITEMU,0,1.0,0.0
3976,2907-ILJBN,0,1.0,0.0
1266,3422-LYEPQ,1,0.16,0.84
4683,8199-ZLLSA,0,1.0,0.0
6014,0678-RLHVP,0,1.0,0.0
5965,9631-RXVJM,0,1.0,0.0
1292,3545-CNWRG,0,1.0,0.0
2396,8782-LKFPK,0,1.0,0.0
3137,4013-UBXWQ,1,0.46,0.54
5476,2005-DWQZJ,0,0.95,0.05
3973,2829-HYVZP,0,1.0,0.0
1945,6522-YRBXD,0,1.0,0.0
248,4558-CGYCZ,0,0.87,0.13
1359,3874-EQOEP,0,0.57,0.43
5095,5756-OZRIO,0,1.0,0.0
6290,7159-NOKYQ,0,1.0,0.0
1299,3583-KRKMD,0,1.0,0.0
5281,8845-LWKGE,0,1.0,0.0
4050,4933-IKULF,0,0.98,0.02
6227,5887-IKKYO,0,1.0,0.0
4398,2868-LLSKM,0,1.0,0.0
2540,9524-EGPJC,0,1.0,0.0
6407,9848-JQJTX,0,1.0,0.0
1757,5628-FCGYG,0,1.0,0.0
2730,0749-IRGQE,0,0.96,0.04
3945,1998-VHJHK,0,1.0,0.0
5636,4534-WGCIR,0,1.0,0.0
1760,5644-PDMZC,1,0.48,0.52
6085,2368-GAKKQ,0,1.0,0.0
5439,1395-WSWXR,0,1.0,0.0
6443,0436-TWFFZ,0,1.0,0.0
1832,5980-NOPLP,0,1.0,0.0
4324,1470-PSXNM,0,1.0,0.0
1027,2460-NGXBJ,1,0.4,0.6
4810,0607-MVMGC,0,1.0,0.0
1,0031-PVLZI,0,0.91,0.09
5177,6992-TKNYO,0,1.0,0.0
1256,3393-FMZPV,0,0.99,0.01
6021,0862-PRCBS,0,1.0,0.0
6304,7566-DSRLQ,0,1.0,0.0
4068,5505-OVWQW,0,1.0,0.0
1251,3374-LXDEV,0,0.95,0.05
3198,4456-RHSNB,0,0.98,0.02
6486,1088-AUUZZ,0,1.0,0.0
1460,4369-HTUIF,0,0.55,0.45
1554,4806-KEXQR,1,0.31,0.69
3353,5649-TJHOV,0,1.0,0.0
5617,4086-WITJG,0,1.0,0.0
5832,7601-GNDYK,0,1.0,0.0
705,0848-ZGQIJ,0,1.0,0.0
1611,5022-JNQEQ,1,0.46,0.54
4297,1060-ENTOF,0,1.0,0.0
1752,5605-IYGFG,0,0.71,0.29
6615,3500-NSDOA,0,1.0,0.0
1524,4636-QRJKY,1,0.35,0.65
5663,4884-LEVMQ,0,1.0,0.0
6121,3258-SYSWS,0,1.0,0.0
5472,1970-KKFWL,0,1.0,0.0
4441,3692-JHONH,0,1.0,0.0
395,7521-YXVZY,0,0.91,0.09
3094,3714-XPXBW,0,1.0,0.0
1079,2675-DHUTR,0,1.0,0.0
3028,3209-ZPKFI,0,1.0,0.0
205,3727-JEZTU,1,0.3573333333333333,0.6426666666666668
5561,3266-FTKHB,0,0.98,0.02
3685,8344-WFMFH,0,0.77,0.23
340,6258-NGCNG,0,0.95,0.05
4886,2027-DNKIV,0,1.0,0.0
5991,0106-UGRDO,0,1.0,0.0
5419,1106-HRLKZ,0,1.0,0.0
3300,5204-QZXPU,0,0.98,0.02
4128,6922-NCEDI,0,1.0,0.0
4991,3850-OKINF,0,1.0,0.0
4363,2266-SJNAT,0,1.0,0.0
5319,9495-REDIY,0,1.0,0.0
2483,9274-CNFMO,1,0.44,0.56
2802,1360-RCYRT,0,0.96,0.04
6905,7860-UXCRM,0,1.0,0.0
5515,2560-WBWXF,0,1.0,0.0
5329,9691-HKOVS,0,1.0,0.0
6646,3948-KXDUF,0,1.0,0.0
711,0876-WDUUZ,1,0.25,0.75
428,7989-CHGTL,0,0.75,0.25
3333,5482-NUPNA,0,0.64,0.36
5299,9139-TWBAS,0,1.0,0.0
2650,9985-MWVIX,1,0.1366666666666667,0.8633333333333334
859,1624-WOIWJ,0,0.61,0.39
1290,3540-RZJYU,0,0.99,0.01
2622,9885-AIBVB,0,1.0,0.0
1459,4361-BKAXE,0,1.0,0.0
2760,0991-BRRFB,0,0.98,0.02
2961,2709-UQGNP,0,0.75,0.25
1221,3223-WZWJM,0,1.0,0.0
5437,1328-EUZHC,0,1.0,0.0
5794,7008-LZVOZ,0,1.0,0.0
6630,3704-IEAXF,0,1.0,0.0
5841,7684-XSZIY,0,1.0,0.0
4073,5602-BVFMK,0,0.99,0.01
3210,4524-QCSSM,0,0.99,0.01
1199,3158-MOERK,1,0.07,0.93
516,9867-NNXLC,0,1.0,0.0
3176,4323-SADQS,0,0.85,0.15
6374,9053-JZFKV,0,1.0,0.0
249,4568-TTZRT,0,0.97,0.03
6037,1291-CUOCY,0,1.0,0.0
2692,0384-RVBPI,0,1.0,0.0
4463,4184-VODJZ,0,1.0,0.0
14,0310-VQXAM,0,0.91,0.09
6357,8809-RIHDD,0,1.0,0.0
6621,3557-HTYWR,0,1.0,0.0
763,1112-CUNAO,0,0.98,0.02
51,1066-JKSGK,1,0.16,0.84
6324,7971-HLVXI,0,1.0,0.0
3534,7176-WIONM,0,0.97,0.03
5941,9251-AWQGT,0,1.0,0.0
1044,2519-FAKOD,0,0.99,0.01
1067,2656-FMOKZ,0,0.99,0.01
895,1845-CSBRZ,0,0.99,0.01
4794,0303-UNCIP,0,1.0,0.0
5400,0839-QNXME,0,1.0,0.0
3637,7932-WPTDS,1,0.17,0.83
6775,5996-EBTKM,0,1.0,0.0
1028,2462-XIIJB,1,0.16,0.84
2383,8734-DKSTZ,1,0.32,0.68
6390,9541-ZPSEA,0,1.0,0.0
174,3090-QFUVD,0,0.945,0.055
2825,1541-ETJZO,0,0.6,0.4
5639,4589-IUAJB,0,1.0,0.0
3880,0203-HHYIJ,0,1.0,0.0
111,2085-JVGAD,0,1.0,0.0
3016,3097-NNSPB,1,0.42,0.58
4081,5847-MXBEO,0,1.0,0.0
682,0689-DSXGL,0,1.0,0.0
1694,5364-XYIRR,0,1.0,0.0
4623,6893-ODYYE,0,1.0,0.0
3131,3995-WFCSM,1,0.35,0.65
473,9025-ZRPVR,0,0.85,0.15
4809,0565-IYCGT,0,1.0,0.0
1181,3070-DVEYC,0,0.51,0.49
3080,3640-JQGJG,0,0.99,0.01
394,7434-SHXLS,0,0.6233333333333334,0.37666666666666665
245,4486-EFAEB,0,1.0,0.0
4697,8406-LNMHF,0,1.0,0.0
6956,8619-IJNDK,0,1.0,0.0
4604,6655-LHBYW,0,1.0,0.0
1659,5222-IMUKT,0,1.0,0.0
7007,9477-LGWQI,0,1.0,0.0
5681,5158-RIVOP,0,1.0,0.0
4406,2931-VUVJN,0,1.0,0.0
2468,9172-ANCRX,1,0.4,0.6
5684,5197-YPYBZ,0,1.0,0.0
5057,4905-JEFDW,0,0.81,0.19
3014,3091-FYHKI,1,0.11,0.89
3224,4671-LXRDQ,1,0.22,0.78
6620,3544-FBCAS,0,1.0,0.0
1358,3871-IKPYH,1,0.1,0.9
235,4211-MMAZN,0,0.93,0.07
2523,9451-LPGOO,1,0.11,0.89
959,2105-PHWON,0,1.0,0.0
6220,5693-PIPCS,0,1.0,0.0
5710,5656-JAMLX,0,1.0,0.0
3760,8963-JLGJT,1,0.47,0.53
1615,5032-MIYKT,1,0.265,0.735
2956,2637-FKFSY,1,0.21333333333333335,0.7866666666666666
3053,3439-GVUSX,0,0.55,0.45
3996,3547-LQRIK,0,1.0,0.0
2986,2903-YYTBW,1,0.39,0.61
2943,2533-TIBIX,0,0.94,0.06
6642,3911-RSNHI,0,1.0,0.0
2722,0701-TJSEF,0,0.86,0.14
953,2080-CAZNM,0,1.0,0.0
306,5562-YJQGT,0,0.69,0.31
2160,7548-SEPYI,1,0.19,0.81
6614,3486-HOOGQ,0,1.0,0.0
6633,3779-OSWCF,0,1.0,0.0
6298,7359-WWYJV,0,1.0,0.0
4769,9833-TGFHX,0,1.0,0.0
2842,1684-FLBGS,0,1.0,0.0
3452,6507-DTJZV,0,0.98,0.02
6403,9786-IJYDL,0,1.0,0.0
3124,3945-GFWQL,0,0.97,0.03
790,1264-BYWMS,0,1.0,0.0
5558,3213-VVOLG,0,0.96,0.04
6212,5451-YHYPW,0,1.0,0.0
5923,8922-NPKBJ,0,1.0,0.0
2569,9647-ERGBE,0,0.99,0.01
230,4160-AMJTL,0,0.73,0.27
832,1475-VWVDO,0,0.57,0.43
3317,5365-LLFYV,1,0.2816666666666667,0.7183333333333333
5141,6416-JNVRK,0,1.0,0.0
3774,9058-CBREO,1,0.45,0.55
5503,2384-OVPSA,0,0.99,0.01
1249,3370-HXOPH,1,0.11,0.89
6589,3082-YVEKW,0,1.0,0.0
2944,2538-OIMXF,1,0.38,0.62
6479,0945-TSONX,0,1.0,0.0
6032,1116-DXXDF,0,1.0,0.0
2263,8062-YBDOE,1,0.02,0.98
3412,6171-ZTVYB,0,1.0,0.0
5623,4277-BWBML,0,1.0,0.0
3742,8791-GFXLZ,0,0.98,0.02
3888,0621-TSSMU,0,1.0,0.0
4667,7856-GANIL,0,1.0,0.0
2887,2055-SIFSS,0,1.0,0.0
3436,6366-XIVKZ,0,0.96,0.04
4317,1360-JYXKQ,0,1.0,0.0
170,3039-MJSLN,0,0.94,0.06
2624,9889-TMAHG,0,0.65,0.35
6573,2845-KDHVX,0,1.0,0.0
2795,1334-FJSVR,0,0.62,0.38
5947,9385-EHGDO,0,1.0,0.0
3830,9577-WJVCQ,0,1.0,0.0
1364,3904-UKFRE,0,0.57,0.43
4469,4332-MUOEZ,0,1.0,0.0
2173,7594-RQHXR,1,0.165,0.835
6799,6365-HITVU,0,1.0,0.0
669,0641-EVBOJ,0,0.58,0.42
1125,2867-UIMSS,1,0.12,0.88
3622,7854-EDSSA,0,1.0,0.0
1679,5299-SJCZT,1,0.14,0.86
6242,6242-FEGFD,0,1.0,0.0
2557,9601-BRXPO,0,0.99,0.01
5397,0825-CPPQH,0,1.0,0.0
893,1833-VGRUM,1,0.14,0.86
3009,3059-NGMXB,0,1.0,0.0
4865,1474-JUWSM,0,1.0,0.0
3769,9026-LHEVG,0,0.69,0.31
1873,6173-ITPWD,0,1.0,0.0
1098,2754-XBHTB,0,0.52,0.48
5594,3721-WKIIL,0,1.0,0.0
3263,4958-GZWIY,1,0.43,0.57
6381,9239-GZHZE,0,1.0,0.0
6774,5993-JSUWV,0,1.0,0.0
5060,4957-TIALW,0,1.0,0.0
506,9629-NHXFW,1,0.46,0.54
4474,4393-RYCRE,0,1.0,0.0
5203,7445-WMRBW,0,1.0,0.0
1683,5312-UXESG,0,0.99,0.01
3555,7384-GHBPI,1,0.41,0.59
5296,9107-UKCKY,0,1.0,0.0
856,1608-GMEWB,0,0.99,0.01
2631,9912-GVSEQ,0,1.0,0.0
4978,3585-YNADK,0,1.0,0.0
3615,7802-EFKNY,0,0.68,0.32
3280,5087-SUURX,0,0.97,0.03
3397,6075-QMNRR,0,1.0,0.0
4703,8565-HBFNN,0,1.0,0.0
6176,4670-TABXH,0,1.0,0.0
6136,3612-YUNGG,0,1.0,0.0
5189,7108-DGVUU,0,0.99,0.01
966,2135-DQWAQ,1,0.46,0.54
2443,9053-EJUNL,0,1.0,0.0
2671,0228-MAUWC,0,1.0,0.0
1792,5842-POCOP,1,0.39,0.61
1130,2874-YXVVA,0,1.0,0.0
6802,6374-AFWOX,0,1.0,0.0
1426,4191-XOVOM,0,1.0,0.0
2757,0975-VOOVL,0,0.78,0.22
6891,7633-MVPUY,0,1.0,0.0
2130,7422-WNBTY,0,1.0,0.0
5332,9720-JJJOR,0,1.0,0.0
3149,4132-POCZS,0,1.0,0.0
5875,8219-VYBVI,0,1.0,0.0
2667,0212-ISBBF,0,0.95,0.05
2742,0823-HSCDJ,0,0.99,0.01
5070,5125-CNDSP,0,1.0,0.0
6677,4664-NJCMS,0,1.0,0.0
902,1871-MOWRM,0,0.97,0.03
6237,6103-LIANB,0,1.0,0.0
5828,7554-NEWDD,0,0.99,0.01
3418,6217-TOWGS,0,0.99,0.01
3977,2923-ARZLG,0,0.96,0.04
661,0618-XWMSS,0,0.99,0.01
2211,7823-JSOAG,1,0.14,0.86
5372,0464-WJTKO,0,1.0,0.0
6582,2990-IAJSV,0,1.0,0.0
4163,7817-OMJNA,0,1.0,0.0
4931,2703-AMTUL,0,1.0,0.0
3153,4146-SVFUD,1,0.35,0.65
6521,1971-DTCZB,0,1.0,0.0
5763,6551-VLJMV,0,1.0,0.0
2305,8313-NDOIA,0,1.0,0.0
6604,3298-QEICA,0,1.0,0.0
2056,7079-QRCBC,0,1.0,0.0
302,5537-UXXVS,0,1.0,0.0
3413,6180-YBIQI,0,0.72,0.28
2276,8118-LSUEL,0,1.0,0.0
864,1656-DRSMG,0,1.0,0.0
376,7047-YXDMZ,0,1.0,0.0
5735,6000-UKLWI,0,1.0,0.0
342,6286-SUUWT,0,0.6951666666666667,0.30483333333333335
434,8053-WWDRO,0,0.73,0.27
6185,4884-TVUQF,0,1.0,0.0
6462,0707-HOVVN,0,1.0,0.0
6401,9739-JLPQJ,0,1.0,0.0
1416,4140-MUHUG,1,0.33,0.67
3916,1293-HHSHJ,0,1.0,0.0
2132,7426-RHZGU,0,0.55,0.45
5921,8917-FAEMR,0,1.0,0.0
704,0843-WTBXE,0,1.0,0.0
3835,9631-XEYKE,1,0.24,0.76
5044,4700-UBQMV,0,1.0,0.0
2861,1809-DMJHQ,0,0.71,0.29
5050,4808-YNLEU,0,1.0,0.0
2157,7537-CBQUZ,0,1.0,0.0
2646,9961-JBNMK,0,1.0,0.0
4574,6156-UZDLF,0,1.0,0.0
5666,4950-HKQTE,0,1.0,0.0
3869,9895-VFOXH,0,0.53,0.47
2147,7503-ZGUZJ,1,0.16,0.84
6753,5707-ZMDJP,0,1.0,0.0
5361,0323-XWWTN,0,0.93,0.07
1724,5482-VXSXJ,0,1.0,0.0
3814,9481-SFCQY,0,0.98,0.02
4530,5294-IMHHT,0,1.0,0.0
2008,6861-XWTWQ,1,0.23,0.77
22,0484-JPBRU,0,1.0,0.0
1277,3481-JHUZH,0,1.0,0.0
4339,1732-FEKLD,0,1.0,0.0
1216,3208-YPIOE,0,1.0,0.0
2236,7952-OBOYL,1,0.16,0.84
939,2037-SGXHH,0,1.0,0.0
5381,0582-AVCLN,0,1.0,0.0
5026,4508-OEBEY,0,1.0,0.0
5209,7581-EBBOU,0,1.0,0.0
4839,1042-HFUCW,0,1.0,0.0
6300,7446-KQISO,0,1.0,0.0
3276,5071-FBJFS,0,0.54,0.46
6055,1555-DJEQW,0,1.0,0.0
3986,3243-ZHOHY,0,1.0,0.0
4565,5913-INRQV,0,1.0,0.0
6869,7301-ABVAD,0,1.0,0.0
6432,0298-XACET,0,1.0,0.0
1050,2568-OIADY,0,0.99,0.01
4383,2636-SJDOU,0,1.0,0.0
4916,2486-WYVVE,0,0.99,0.01
3969,2809-ILCYT,0,0.99,0.01
2851,1750-CSKKM,0,0.82,0.18
3108,3806-DXQOM,1,0.48,0.52
5915,8857-CUPFQ,0,1.0,0.0
6009,0536-ACXIP,0,1.0,0.0
3484,6743-HHQPF,0,0.99,0.01
6765,5840-NVDCG,0,1.0,0.0
4496,4800-CZMPC,0,1.0,0.0
6461,0674-GCDXG,0,1.0,0.0
5765,6585-WCEWR,0,1.0,0.0
5835,7608-RGIRO,0,1.0,0.0
5040,4644-PIZRT,0,1.0,0.0
1025,2454-RPBRZ,0,0.81,0.19
1764,5650-YLIBA,0,1.0,0.0
5721,5821-MMEIL,0,1.0,0.0
1539,4716-HHKQH,0,1.0,0.0
3626,7876-BEUTG,0,0.98,0.02
6203,5278-PNYOX,0,1.0,0.0
2213,7825-ECJRF,0,0.99,0.01
4314,1335-HQMKX,0,1.0,0.0
4057,5173-ZXXXL,0,0.92,0.08
2950,2606-RMDHZ,0,0.63,0.37
1657,5216-WASFJ,0,1.0,0.0
4589,6362-QHAFM,0,1.0,0.0
297,5396-IZEPB,0,0.94,0.06
3345,5552-ZNFSJ,1,0.21,0.79
5252,8259-DZLIZ,0,1.0,0.0
1227,3269-ATYWD,0,1.0,0.0
228,4083-EUGRJ,0,0.97,0.03
1558,4817-QRJSX,1,0.17,0.83
4955,3161-ONRWK,0,1.0,0.0
6120,3244-CQPHU,0,1.0,0.0
878,1730-ZMAME,0,1.0,0.0
6976,9027-TMATR,0,1.0,0.0
898,1866-OBPNR,1,0.35,0.65
3477,6682-QJDGB,0,1.0,0.0
6129,3428-MMGUB,0,1.0,0.0
3810,9415-TPKRV,0,0.82,0.18
3119,3891-PUQOD,1,0.26,0.74
6101,2773-OVBPK,0,1.0,0.0
687,0709-TVGUR,1,0.3,0.7
6588,3071-MVJCD,0,1.0,0.0
6329,8041-TMEID,0,1.0,0.0
5480,2050-ONYDQ,0,1.0,0.0
3230,4701-AHWMW,0,1.0,0.0
765,1143-NMNQJ,1,0.04,0.96
4251,0233-FTHAV,0,1.0,0.0
4531,5297-MDOIR,0,1.0,0.0
1518,4614-NUVZD,1,0.115,0.885
3963,2667-WYLWJ,0,0.99,0.01
2087,7235-NXZCP,0,0.53,0.47
5527,2718-YSKCS,0,1.0,0.0
3004,3038-PQIUY,0,1.0,0.0
532,0060-FUALY,0,1.0,0.0
4599,6559-RAKOZ,0,1.0,0.0
71,1386-ZIKUV,0,0.82,0.18
3877,0048-PIHNL,0,1.0,0.0
1220,3223-DWFIO,1,0.38,0.62
3097,3733-ZEECP,0,1.0,0.0
4783,0080-EMYVY,0,1.0,0.0
4167,8042-RNLKO,0,1.0,0.0
6983,9114-DPSIA,0,1.0,0.0
2539,9518-XXBXE,0,0.71,0.29
1605,4993-JCRGJ,0,1.0,0.0
164,2955-PSXOE,0,0.85,0.15
4647,7432-FFVAR,0,1.0,0.0
4190,8631-XVRZL,0,0.98,0.02
2750,0872-JCPIB,0,1.0,0.0
5548,3115-CZMZD,0,0.93,0.07
6152,3963-RYFNS,0,1.0,0.0
3644,8008-HAWED,0,0.98,0.02
742,1016-DJTSV,1,0.37,0.63
1319,3707-GNWHM,1,0.15,0.85
5680,5148-HKFIR,0,1.0,0.0
2926,2372-HWUHI,1,0.38,0.62
2558,9603-OAIHC,1,0.07,0.93
3386,5951-AOFIH,0,1.0,0.0
6688,4782-OSFXZ,0,1.0,0.0
5076,5203-XEHAX,0,1.0,0.0
3035,3272-VUHPV,0,0.76,0.24
5382,0603-TPMIB,0,1.0,0.0
4901,2282-YGNOR,0,1.0,0.0
4608,6723-WSNTY,0,1.0,0.0
479,9092-GDZKO,0,1.0,0.0
4166,8022-BECSI,0,1.0,0.0
254,4667-OHGKG,0,0.84,0.16
4938,2851-STERV,0,1.0,0.0
4613,6736-DHUQI,0,1.0,0.0
6433,0301-FIDRB,0,1.0,0.0
3045,3347-YJZZE,0,0.99,0.01
3892,0788-DXBFY,0,1.0,0.0
3642,7989-AWGEH,0,1.0,0.0
5166,6840-RESVB,0,1.0,0.0
4299,1091-SOZGA,0,1.0,0.0
4776,9978-HYCIN,0,1.0,0.0
5148,6574-MCOEH,0,1.0,0.0
5563,3279-DYZQM,0,1.0,0.0
6455,0562-KBDVM,0,1.0,0.0
6708,5095-ETBRJ,0,1.0,0.0
972,2187-PKZAY,0,0.98,0.02
6740,5457-COLHT,0,1.0,0.0
4078,5777-ZPQNC,0,1.0,0.0
4591,6408-OTUBZ,0,1.0,0.0
3122,3920-HIHMQ,0,1.0,0.0
2879,1986-PHGZF,0,1.0,0.0
1150,2960-NKRSO,0,0.99,0.01
3302,5207-PLSTK,1,0.48,0.52
6999,9348-ROUAI,0,1.0,0.0
6600,3259-KNMRR,0,1.0,0.0
364,6776-TLWOI,0,0.87,0.13
4586,6333-YDVLT,0,1.0,0.0
4104,6248-BSHKG,0,1.0,0.0
6360,8823-RLPWL,0,1.0,0.0
21,0463-WZZKO,0,0.83,0.17
5297,9114-AAFQH,0,1.0,0.0
2356,8610-WFCJF,0,1.0,0.0
4949,3026-ATZYV,0,1.0,0.0
1721,5453-AXEPF,0,0.98,0.02
5928,8999-EXMNO,0,1.0,0.0
3759,8950-MTZNV,0,0.8283333333333333,0.17166666666666663
4386,2692-AQCPF,0,1.0,0.0
4826,0810-BDHAW,0,1.0,0.0
2370,8677-HDZEE,0,1.0,0.0
3283,5122-CYFXA,1,0.44,0.56
6551,2302-OUZXB,0,1.0,0.0
1330,3737-XBQDD,0,1.0,0.0
7023,9715-SBVSU,0,0.99,0.01
2835,1600-DILPE,0,0.99,0.01
267,4800-VHZKI,0,0.5208333333333334,0.47916666666666663
6548,2256-YLYLP,0,1.0,0.0
3803,9348-YVOMK,1,0.36,0.64
6596,3219-JQRSL,0,1.0,0.0
2790,1304-BCCFO,0,0.54,0.46
4488,4676-MQUEA,0,1.0,0.0
1412,4128-ETESU,0,0.99,0.01
1911,6360-SVNWV,0,1.0,0.0
578,0258-NOKBL,0,0.58,0.42
5127,6229-UOLQL,0,1.0,0.0
3177,4324-AHJKS,0,0.62,0.38
4281,0750-EBAIU,0,1.0,0.0
4086,5914-GXMDA,0,1.0,0.0
1007,2359-KMGLI,0,1.0,0.0
6985,9140-CZQZZ,0,1.0,0.0
5249,8205-OTCHB,0,1.0,0.0
4503,4868-AADLV,0,1.0,0.0
6627,3638-WEABW,0,1.0,0.0
1556,4813-HQMGZ,1,0.27,0.73
1128,2869-ADAWR,0,1.0,0.0
6638,3889-VWBID,0,1.0,0.0
2544,9544-PYPSJ,0,1.0,0.0
2543,9540-JYROE,0,0.62,0.38
2837,1629-DQQVB,0,0.98,0.02
4288,0887-WBJVH,0,1.0,0.0
4666,7820-ZYGNY,0,1.0,0.0
1982,6705-LXORM,1,0.44,0.56
5773,6696-YDAYZ,0,1.0,0.0
4671,7964-ZRKKG,0,1.0,0.0
2121,7394-LWLYN,0,0.555,0.445
140,2565-JSLRY,0,0.97,0.03
3338,5515-RUGKN,0,0.67,0.33
2258,8051-HJRLT,1,0.49,0.51
1651,5192-EBGOV,1,0.07,0.93
1069,2657-ALMWY,0,1.0,0.0
1325,3721-CNEYS,1,0.48,0.52
6264,6680-NENYN,0,1.0,0.0
4202,8909-BOLNL,0,0.99,0.01
749,1041-RXHRA,0,1.0,0.0
5891,8450-LUGUK,0,1.0,0.0
1308,3640-PHQXK,0,0.99,0.01
219,3976-NLDEZ,1,0.135,0.865
6158,4057-FKCZK,0,1.0,0.0
381,7140-ADSMJ,0,0.96,0.04
4142,7297-DVYGA,0,1.0,0.0
3475,6656-JWRQX,1,0.45,0.55
3003,3030-YZADT,0,0.72,0.28
2636,9921-ZVRHG,0,0.97,0.03
320,5868-YTYKS,0,0.76,0.24
5012,4186-ZBUEW,0,1.0,0.0
510,9770-LXDBK,0,0.8,0.2
3902,1015-JPFYW,0,1.0,0.0
2026,6923-JHPMP,1,0.36,0.64
4961,3275-RHRNE,0,1.0,0.0
5034,4578-PHJYZ,0,1.0,0.0
2277,8118-TJAFG,0,0.51,0.49
4368,2325-WINES,0,1.0,0.0
4493,4753-PADAS,0,1.0,0.0
258,4719-UMSIY,0,0.99,0.01
4212,9361-YNQWJ,0,1.0,0.0
3305,5233-GEEAX,0,0.53,0.47
5552,3148-AOIQT,0,1.0,0.0
1526,4652-NNHNY,0,0.99,0.01
251,4623-ZKHLY,0,0.98,0.02
6493,1221-GHZEP,0,1.0,0.0
2626,9897-KXHCM,1,0.25,0.75
3666,8198-RKSZG,0,0.97,0.03
5409,1047-RNXZV,0,1.0,0.0
5774,6698-OXETB,0,1.0,0.0
639,0511-JTEOY,1,0.03,0.97
3645,8017-UVSZU,0,1.0,0.0
6533,2176-LVPNX,0,1.0,0.0
774,1195-OIYEJ,0,0.99,0.01
3361,5696-QURRL,0,0.7583333333333333,0.24166666666666664
660,0617-FHSGK,0,1.0,0.0
4316,1357-BIJKI,0,1.0,0.0
6229,5954-BDFSG,0,1.0,0.0
3410,6145-NNPNO,0,0.81,0.19
3425,6261-LHRTG,0,1.0,0.0
931,2024-BASKD,1,0.035,0.965
6097,2599-CIPQE,0,1.0,0.0
962,2115-BFTIW,0,1.0,0.0
5917,8859-DZTGQ,0,1.0,0.0
4019,4302-ZYFEL,0,1.0,0.0
6948,8414-OOEEL,0,1.0,0.0
4825,0756-MPZRL,0,1.0,0.0
2256,8040-MNRTF,1,0.03,0.97
2009,6862-CQUMB,0,1.0,0.0
52,1087-UDSIH,0,0.79,0.21
530,0027-KWYKW,0,1.0,0.0
242,4396-KLSEH,0,0.87,0.13
6696,4891-NLUBA,0,1.0,0.0
4701,8561-NMTBD,0,1.0,0.0
1257,3398-FSHON,0,0.9,0.1
6025,0917-EZOLA,0,1.0,0.0
3432,6339-DKLMK,0,0.96,0.04
7012,9489-JMTTN,0,1.0,0.0
2488,9282-IZGQK,1,0.0,1.0
165,2958-NHPPS,0,1.0,0.0
1837,5998-VVEJY,0,1.0,0.0
5238,8016-ZMGMO,0,1.0,0.0
167,3011-WQKSZ,0,1.0,0.0
6282,6993-YGFJV,0,1.0,0.0
129,2369-FEVNO,0,0.8448333333333333,0.15516666666666665
5096,5777-KJIRB,0,0.99,0.01
332,6124-ACRHJ,0,0.7981666666666668,0.2018333333333333
2437,9019-QVLZD,1,0.03,0.97
3698,8455-HIRAQ,0,0.86,0.14
5847,7799-LGRDP,0,1.0,0.0
1178,3062-ICYZQ,0,1.0,0.0
1697,5373-SFODM,0,0.99,0.01
634,0495-RVCBF,1,0.035,0.965
6386,9405-GPBBG,0,1.0,0.0
5534,2817-LVCPP,0,1.0,0.0
149,2700-LUEVA,0,0.94,0.06
4211,9347-AERRL,0,1.0,0.0
168,3012-VFFMN,0,0.93,0.07
5982,9953-ZMKSM,0,1.0,0.0
2566,9626-VFRGG,0,1.0,0.0
1457,4343-EJVQB,0,0.58,0.42
5769,6621-NRZAK,0,1.0,0.0
2129,7410-YTJIK,0,0.62,0.38
2705,0550-DCXLH,0,0.99,0.01
3055,3446-QDSZF,1,0.45,0.55
2323,8413-VONUO,0,0.55,0.45
2733,0786-VSSUD,0,0.98,0.02
3721,8671-KKKOS,0,1.0,0.0
5109,5915-DGNVC,0,1.0,0.0
3120,3893-JRNFS,0,1.0,0.0
433,8048-DSDFQ,0,0.78,0.22
1842,6022-UGGSO,0,1.0,0.0
2505,9369-XFEHK,0,1.0,0.0
3334,5482-PLVPE,0,0.54,0.46
3271,5027-XWQHA,0,0.76,0.24
400,7601-WFVZV,1,0.33,0.67
5208,7576-ASEJU,0,1.0,0.0
3091,3694-DELSO,1,0.47,0.53
1057,2609-IAICY,1,0.03,0.97
3676,8257-RZAHR,0,0.98,0.02
4152,7452-FOLON,0,1.0,0.0
702,0829-XXPLX,0,1.0,0.0
4543,5469-CTCWN,0,1.0,0.0
1517,4612-SSVHJ,0,1.0,0.0
733,0947-MUGVO,0,1.0,0.0
6084,2324-EFHVG,0,1.0,0.0
5672,5044-XDPYX,0,1.0,0.0
4731,9101-BWFSS,0,1.0,0.0
4013,4092-OFQZS,0,1.0,0.0
4432,3424-NMNBO,0,1.0,0.0
5679,5146-YYFRZ,0,1.0,0.0
128,2342-CKIAO,0,0.89,0.11
1016,2397-BRLOM,1,0.45,0.55
2057,7089-IVVAZ,1,0.47,0.53
5573,3457-PQBYH,0,1.0,0.0
813,1393-IMKZG,1,0.16,0.84
6307,7572-KPVKK,0,1.0,0.0
5387,0625-AFOHS,0,1.0,0.0
1106,2799-ARNLO,1,0.42,0.58
3473,6650-VJONK,0,0.8,0.2
3998,3572-UUHRS,0,1.0,0.0
4643,7251-LJBQN,0,1.0,0.0
2386,8740-CRYFY,1,0.06,0.94
3472,6637-KYRCV,0,0.65,0.35
2314,8375-DKEBR,1,0.01,0.99
2248,8010-EZLOU,0,1.0,0.0
3023,3160-TYXLT,0,0.99,0.01
3377,5882-CMAZQ,0,0.62,0.38
5822,7480-SPLEF,0,1.0,0.0
3160,4223-WOZCM,1,0.19,0.81
425,7956-XQWGU,0,1.0,0.0
3660,8148-BPLZQ,0,1.0,0.0
1384,3992-YWPKO,1,0.29,0.71
5370,0442-TDYUO,0,1.0,0.0
957,2091-RFFBA,0,1.0,0.0
136,2466-NEJOJ,0,0.93,0.07
1117,2840-XANRC,0,1.0,0.0
3535,7217-JYHOQ,0,1.0,0.0
3024,3164-YAXFY,0,1.0,0.0
6666,4312-GVYNH,0,1.0,0.0
3636,7925-PNRGI,0,1.0,0.0
2744,0841-NULXI,1,0.11,0.89
4906,2348-KCJLT,0,1.0,0.0
6619,3533-UVMOM,0,1.0,0.0
2773,1120-BMWUB,0,1.0,0.0
4319,1370-GGAWX,0,1.0,0.0
2547,9552-TGUZV,1,0.38,0.62
5856,7980-MHFLQ,0,1.0,0.0
4214,9447-YPTBX,0,1.0,0.0
2686,0322-YINQP,0,0.65,0.35
5221,7750-EYXWZ,0,0.99,0.01
2921,2309-OSFEU,0,0.78,0.22
777,1200-TUZHR,1,0.19,0.81
3294,5173-WXOQV,0,0.62,0.38
1667,5244-IRFIH,0,1.0,0.0
638,0508-OOLTO,1,0.49,0.51
2149,7508-MYBOG,0,0.99,0.01
1110,2811-POVEX,0,0.99,0.01
3374,5858-EAFCZ,1,0.18,0.82
6297,7322-OCWHC,0,1.0,0.0
6609,3400-ESFUW,0,1.0,0.0
2573,9681-KYGYB,0,1.0,0.0
4721,8920-NAVAY,0,1.0,0.0
1959,6599-CEBNN,0,1.0,0.0
4845,1136-XGEQU,0,1.0,0.0
1312,3657-COGMW,0,1.0,0.0
1824,5955-ERIHD,0,1.0,0.0
6424,0229-LFJAF,0,1.0,0.0
4621,6869-FGJJC,0,1.0,0.0
5229,7868-BGSZA,0,1.0,0.0
6216,5663-QBGIS,0,1.0,0.0
1414,4137-BTIKL,0,0.51,0.49
75,1465-WCZVT,0,0.98,0.02
535,0089-IIQKO,0,1.0,0.0
4187,8592-PLTMQ,0,1.0,0.0
2731,0774-IFUVM,0,0.86,0.14
6308,7602-MVRMB,0,1.0,0.0
851,1587-FKLZB,0,1.0,0.0
226,4063-EIKNQ,0,0.93,0.07
6673,4568-KNYWR,0,1.0,0.0
551,0137-OCGAB,0,0.65,0.35
5589,3662-FXJFO,0,1.0,0.0
1755,5609-IMCGG,0,1.0,0.0
4690,8294-UIMBA,0,1.0,0.0
4990,3800-LYTRK,0,1.0,0.0
465,8785-EPNCG,0,0.99,0.01
4963,3315-IKYZQ,0,1.0,0.0
5996,0248-PGHBZ,0,1.0,0.0
2472,9190-MFJLN,0,1.0,0.0
1322,3716-BDVDB,1,0.03,0.97
63,1237-WIYYZ,0,1.0,0.0
5022,4404-HIBDJ,0,1.0,0.0
2071,7153-OANIO,1,0.23,0.77
3915,1272-ILHFG,0,1.0,0.0
3443,6439-LAJXL,0,0.78,0.22
3674,8242-JSVBO,0,0.8,0.2
6183,4829-ZLJTK,0,1.0,0.0
410,7777-UNYHB,0,0.99,0.01
3887,0516-VRYBW,0,1.0,0.0
1624,5091-HFAZW,1,0.42,0.58
3146,4104-PVRPS,0,1.0,0.0
2333,8456-QDAVC,0,1.0,0.0
523,9986-BONCE,0,0.93,0.07
3364,5707-ORNDZ,0,0.79,0.21
1042,2514-GINMM,1,0.06,0.94
4393,2790-XUYMV,0,1.0,0.0
5152,6598-KELSS,0,1.0,0.0
3931,1755-FZQEC,0,1.0,0.0
2515,9420-LOJKX,0,1.0,0.0
936,2027-WKXMW,0,1.0,0.0
6535,2192-CKRLV,0,1.0,0.0
2221,7881-INRLC,0,1.0,0.0
4587,6341-AEVKX,0,1.0,0.0
3958,2560-QTSBS,0,1.0,0.0
4639,7134-MJPDY,0,1.0,0.0
4691,8327-LZKAS,0,1.0,0.0
4760,9711-FJTBX,0,1.0,0.0
1646,5175-WLYXL,0,1.0,0.0
6889,7609-YBPXG,0,1.0,0.0
5748,6285-FTQBF,0,1.0,0.0
720,0916-QOFDP,0,0.99,0.01
5528,2729-VNVAP,0,1.0,0.0
2763,1024-GUALD,1,0.25,0.75
5784,6857-TKDJV,0,1.0,0.0
1609,5018-GWURO,0,1.0,0.0
3515,7016-BPGEU,0,1.0,0.0
4023,4359-INNWN,0,1.0,0.0
4076,5642-MHDQT,0,1.0,0.0
519,9962-BFPDU,1,0.4525,0.5475
1678,5299-RULOA,1,0.42,0.58
2502,9360-OMDZZ,0,1.0,0.0
3693,8401-EMUWF,0,1.0,0.0
4506,4913-EHYUI,0,1.0,0.0
6818,6549-BTYPG,0,1.0,0.0
5013,4189-NAKJS,0,1.0,0.0
2899,2150-UWTFY,0,1.0,0.0
4612,6732-FZUGP,0,1.0,0.0
4868,1536-YHDOE,0,1.0,0.0
4047,4795-UXVCJ,0,1.0,0.0
5165,6827-IEAUQ,0,1.0,0.0
4733,9134-WYRVP,0,1.0,0.0
4987,3727-OWVYD,0,1.0,0.0
846,1569-TTNYJ,1,0.17,0.83
4034,4538-WNTMJ,0,1.0,0.0
1638,5141-ZUVBH,0,0.57,0.43
2073,7180-PISOG,1,0.04,0.96
6599,3249-VHRIP,0,1.0,0.0
5658,4821-WQOYN,0,1.0,0.0
5313,9378-FXTIZ,0,0.99,0.01
2346,8541-QVFKM,1,0.49,0.51
1453,4315-MURBD,0,0.95,0.05
5149,6576-FBXOJ,0,1.0,0.0
194,3590-TCXTB,0,0.97,0.03
6687,4751-ERMAN,0,1.0,0.0
6686,4737-HOBAX,0,1.0,0.0
4618,6815-ABQFQ,0,1.0,0.0
5541,2984-RGEYA,0,1.0,0.0
3359,5673-TIYIB,1,0.41,0.59
2935,2458-EOMRE,0,0.85,0.15
1184,3086-RUCRN,0,1.0,0.0
4036,4597-ELFTS,0,1.0,0.0
4066,5451-MHQOF,0,1.0,0.0
2412,8849-AYPTR,0,1.0,0.0
2843,1685-VAYJF,0,0.68,0.32
4782,0074-HDKDG,0,1.0,0.0
277,4903-UYAVB,0,0.95,0.05
6091,2499-AJYUA,0,1.0,0.0
2711,0612-RTZZA,1,0.3,0.7
1691,5349-IECLD,1,0.26,0.74
5340,9830-ECLEN,0,1.0,0.0
3196,4450-YOOHP,0,1.0,0.0
1743,5569-OUICF,0,1.0,0.0
4895,2157-MXBJS,0,0.99,0.01
3930,1722-LDZJS,0,1.0,0.0
1311,3647-GMGDH,0,1.0,0.0
1379,3976-BWUCK,0,1.0,0.0
6334,8107-RZLNV,0,1.0,0.0
3163,4237-RLAQD,1,0.3,0.7
6436,0343-QLUZP,0,1.0,0.0
3872,9938-EKRGF,0,0.98,0.02
4684,8213-TAZPM,0,1.0,0.0
2908,2207-OBZNX,0,0.78,0.22
4972,3482-ABPKK,0,1.0,0.0
2294,8212-DJRCH,1,0.41,0.59
6400,9715-WZCLW,0,1.0,0.0
2482,9272-LSVYH,0,0.59,0.41
3536,7233-IOQNP,0,1.0,0.0
3309,5307-UVGNB,0,1.0,0.0
2476,9223-UCPVT,1,0.12,0.88
2230,7924-GJZFI,0,1.0,0.0
2841,1666-JZPZT,0,1.0,0.0
5225,7801-CEDNV,0,1.0,0.0
4341,1810-BOHSY,0,1.0,0.0
1159,2985-FMWYF,0,1.0,0.0
341,6278-FEPBZ,0,0.91,0.09
5963,9624-EGDEQ,0,1.0,0.0
1702,5383-MMTWC,1,0.08,0.92
4594,6465-GSRCL,0,1.0,0.0
3183,4360-QRAVE,0,0.99,0.01
6764,5816-JMLGY,0,1.0,0.0
4377,2432-TFSMK,0,1.0,0.0
4499,4827-LTQRJ,0,1.0,0.0
1973,6661-HBGWL,0,1.0,0.0
1253,3384-CTMSF,0,1.0,0.0
5154,6663-JOCQO,0,1.0,0.0
2133,7426-WEIJX,0,1.0,0.0
6050,1455-HFBXA,0,1.0,0.0
31,0670-KDOMA,0,0.5,0.5
3214,4580-TMHJU,0,1.0,0.0
3547,7339-POGZN,1,0.21,0.79
5547,3097-FQTVJ,0,1.0,0.0
4276,0691-IFBQW,0,1.0,0.0
5513,2525-GVKQU,0,1.0,0.0
2746,0851-DFJKB,0,1.0,0.0
6315,7730-CLDSV,0,1.0,0.0
370,6942-LBFDP,0,0.57,0.43
555,0148-DCDOS,0,0.99,0.01
6811,6461-SZMCV,0,1.0,0.0
5865,8129-GMVGI,0,1.0,0.0
3087,3677-IYRBF,1,0.33,0.67
756,1077-HUUJM,1,0.46,0.54
536,0093-EXYQL,0,1.0,0.0
1088,2696-NARTR,0,0.68,0.32
1288,3536-IQCTX,0,1.0,0.0
6316,7740-BTPUX,0,1.0,0.0
5098,5795-BKOYE,0,1.0,0.0
4756,9644-KVCNC,0,1.0,0.0
1896,6300-BWMJX,0,1.0,0.0
4465,4250-ZBWLV,0,1.0,0.0
2593,9767-FFLEM,0,1.0,0.0
6287,7036-TYDEC,0,1.0,0.0
5061,4973-RLZVI,0,1.0,0.0
4615,6777-TGHTM,0,1.0,0.0
4240,0048-LUMLS,0,1.0,0.0
5814,7321-KKSDU,0,1.0,0.0
4347,2000-MPKCA,0,1.0,0.0
4835,0980-FEXWF,0,0.99,0.01
1144,2951-QOQTK,1,0.41,0.59
2758,0980-PVMRC,0,1.0,0.0
2985,2894-QOJRX,0,1.0,0.0
6888,7605-BDWDC,0,1.0,0.0
2028,6941-PMGEP,1,0.25,0.75
2416,8868-WOZGU,0,1.0,0.0
5806,7196-LIWRH,0,0.99,0.01
3772,9048-JVYVF,0,0.71,0.29
109,2080-SRCDE,0,0.92,0.08
6791,6203-HBZPA,0,1.0,0.0
558,0177-PXBAT,0,1.0,0.0
844,1565-RHDJD,1,0.41,0.59
1652,5196-SGOAK,1,0.15,0.85
6785,6122-EFVKN,0,1.0,0.0
860,1626-ERCMM,0,1.0,0.0
3478,6689-KXGBO,0,0.63,0.37
5734,5995-LFTLE,0,1.0,0.0
6681,4701-LKOZD,0,1.0,0.0
1847,6034-YMTOB,0,0.56,0.44
6103,2798-NYLMZ,0,1.0,0.0
3801,9332-GYWLO,0,0.79,0.21
6465,0744-BIKKF,0,1.0,0.0
4038,4632-PAOYU,0,1.0,0.0
6117,3192-NQECA,0,1.0,0.0
625,0455-XFASS,1,0.38,0.62
1976,6686-YPGHK,0,0.98,0.02
3006,3050-GBUSH,1,0.14,0.86
5752,6345-FZOQH,0,1.0,0.0
6844,6916-HIJSE,0,1.0,0.0
3033,3256-EZDBI,0,1.0,0.0
2774,1125-SNVCK,0,1.0,0.0
4308,1217-VASWC,0,1.0,0.0
708,0871-URUWO,0,1.0,0.0
3148,4130-MZLCC,0,0.57,0.43
5855,7977-HXJKU,0,1.0,0.0
3222,4647-XXZAM,0,0.94,0.06
952,2079-FBMZK,0,0.81,0.19
2694,0411-EZJZE,1,0.49,0.51
271,4860-YZGZM,0,0.93,0.07
5882,8292-ITGYJ,0,1.0,0.0
5615,3996-ZNWYK,0,1.0,0.0
5669,4990-ALDGW,0,1.0,0.0
4945,2969-VAPYH,0,1.0,0.0
77,1493-AMTIE,0,0.89,0.11
2813,1453-RZFON,1,0.46,0.54
6463,0730-BGQGF,0,1.0,0.0
3874,9992-UJOEL,0,0.51,0.49
5285,8883-GRDWQ,0,1.0,0.0
2797,1352-VHKAJ,0,0.99,0.01
1574,4844-JJWUY,1,0.16,0.84
6804,6408-WHTEF,0,1.0,0.0
6585,2999-AANRQ,0,1.0,0.0
695,0754-UKWQP,1,0.23,0.77
3806,9373-WSLOY,0,0.99,0.01
5413,1087-GRUYI,0,1.0,0.0
2830,1582-RAFML,0,0.64,0.36
5990,0020-INWCK,0,1.0,0.0
3391,6022-KOUQO,1,0.25,0.75
5670,5006-MXVRN,0,1.0,0.0
2170,7586-ZATGZ,0,1.0,0.0
3448,6476-YHMGA,0,0.99,0.01
5746,6217-KDYWC,0,1.0,0.0
1703,5385-SUIRI,0,1.0,0.0
2406,8819-IMISP,0,1.0,0.0
3531,7143-BQIBA,0,0.88,0.12
6326,8015-IHCGW,0,1.0,0.0
3070,3577-AMVUX,1,0.33,0.67
4542,5447-WZAFP,0,1.0,0.0
6834,6732-VAILE,0,1.0,0.0
240,4365-MSDYN,0,0.85,0.15
2905,2195-VVRJF,0,1.0,0.0
1450,4299-SIMNS,0,0.59,0.41
2432,8988-ECPJR,0,0.99,0.01
88,1724-IQWNM,0,0.6,0.4
3015,3097-IDVPU,0,0.98,0.02
853,1596-BBVTG,0,1.0,0.0
192,3530-CRZSB,0,0.89,0.11
3462,6599-SFQVE,0,0.68,0.32
1043,2516-VQRRV,1,0.45,0.55
6270,6766-HFKLA,0,1.0,0.0
1531,4673-KKSLS,0,0.99,0.01
6305,7569-NMZYQ,0,1.0,0.0
6682,4717-GHADL,0,1.0,0.0
1461,4373-MAVJG,0,0.99,0.01
685,0701-RFGFI,0,0.99,0.01
6474,0885-HMGPY,0,1.0,0.0
649,0570-BFQHT,0,0.63,0.37
2608,9819-FBNSV,0,1.0,0.0
3431,6338-AVWCY,1,0.16,0.84
5467,1862-QRWPE,0,1.0,0.0
5305,9251-WNSOD,0,1.0,0.0
6734,5338-YHWYT,0,1.0,0.0
3370,5780-INQIK,0,0.72,0.28
4724,8952-WCVCD,0,1.0,0.0
3423,6257-RJOHI,0,0.54,0.46
6142,3726-TBHQT,0,1.0,0.0
5056,4903-CNOZC,0,1.0,0.0
3187,4385-ZKVNW,0,0.99,0.01
87,1663-MHLHE,0,0.76,0.24
6006,0454-OKRCT,0,1.0,0.0
4294,1004-NOZNR,0,0.99,0.01
836,1508-DFXCU,0,0.97,0.03
4492,4742-DRORA,0,1.0,0.0
872,1689-MRZQR,0,1.0,0.0
5977,9838-BFCQT,0,1.0,0.0
6221,5696-CEIQJ,0,1.0,0.0
3989,3372-CDXFJ,0,1.0,0.0
2217,7852-LECYP,0,1.0,0.0
3221,4646-QZXTF,0,0.77,0.23
6514,1821-BUCWY,0,1.0,0.0
6271,6797-LNAQX,0,1.0,0.0
1377,3966-HRMZA,1,0.33,0.67
5137,6341-JVQGF,0,1.0,0.0
4452,3865-YIOTT,0,1.0,0.0
46,1038-RQOST,0,1.0,0.0
1017,2398-YPMUR,0,1.0,0.0
4103,6223-DHJGV,0,1.0,0.0
1224,3247-ZVOUO,1,0.28,0.72
5796,7014-ZZXAW,0,1.0,0.0
621,0432-CAJZV,0,0.54,0.46
1474,4445-ZJNMU,1,0.33,0.67
2747,0856-NAOES,0,0.64,0.36
3528,7129-ACFOG,0,0.72,0.28
4253,0326-VDYXE,0,1.0,0.0
187,3374-PZLXD,0,1.0,0.0
4400,2889-FPWRM,0,1.0,0.0
5284,8879-ZKJOF,0,1.0,0.0
624,0447-RXSGD,0,1.0,0.0
312,5688-KZTSN,0,1.0,0.0
1538,4713-LZDRV,1,0.2,0.8
3278,5077-DXTCG,1,0.3733333333333333,0.6266666666666667
1535,4702-IOQDC,1,0.07583333333333334,0.9241666666666666
6131,3518-FSTWG,0,1.0,0.0
1715,5439-WIKXB,0,1.0,0.0
3218,4625-EWPTF,0,0.87,0.13
4544,5473-KHBPS,0,1.0,0.0
291,5222-JCXZT,0,0.94,0.06
4352,2085-BOJKI,0,1.0,0.0
6133,3552-CTCYF,0,1.0,0.0
1023,2452-KDRRH,0,1.0,0.0
6840,6885-PKOAM,0,1.0,0.0
1529,4659-NZRUF,0,1.0,0.0
2537,9508-ILZDG,0,0.99,0.01
4017,4163-NCJAK,0,1.0,0.0
3092,3701-SFMUH,0,0.8,0.2
6471,0813-TAXXS,0,1.0,0.0
919,1965-DDBWU,0,1.0,0.0
2165,7567-ECMCM,0,1.0,0.0
2027,6927-WTFIV,0,1.0,0.0
6496,1265-ZFOSD,0,1.0,0.0
4855,1301-LOPVR,0,1.0,0.0
3543,7284-BUYEC,1,0.46,0.54
2901,2181-UAESM,1,0.41,0.59
266,4797-MIWUM,0,0.84,0.16
43,1009-IRMNA,0,0.8,0.2
210,3803-KMQFW,1,0.4906666666666667,0.5093333333333333
6261,6616-AALSR,0,1.0,0.0
994,2272-QAGFO,0,0.99,0.01
627,0468-YRPXN,0,1.0,0.0
6593,3166-PNEOF,0,1.0,0.0
779,1215-FIGMP,0,1.0,0.0
6035,1163-VIPRI,0,1.0,0.0
2341,8496-EJAUI,0,1.0,0.0
976,2202-CUYXZ,1,0.18,0.82
3625,7872-RDDLZ,0,1.0,0.0
387,7266-GSSJX,0,0.95,0.05
265,4786-UKSNZ,0,0.78,0.22
6095,2533-QVMSK,0,1.0,0.0
1168,3006-XIMLN,1,0.16,0.84
6973,8999-YPYBV,0,1.0,0.0
5602,3812-LRZIR,0,1.0,0.0
1836,5995-SNNEW,0,1.0,0.0
5384,0608-JDVEC,0,1.0,0.0
855,1602-IJQQE,1,0.27,0.73
4192,8746-BFOAJ,0,0.99,0.01
1040,2506-TNFCO,1,0.02,0.98
5949,9397-TZSHA,0,1.0,0.0
681,0685-MLYYM,1,0.3,0.7
3401,6128-AQBMT,0,1.0,0.0
3802,9342-VNIMQ,0,1.0,0.0
648,0564-MUUQK,0,0.99,0.01
23,0487-VVUVK,0,0.96,0.04
6918,8100-PNJMH,0,1.0,0.0
11,0268-QKIWO,0,0.86,0.14
692,0730-KOAVE,0,1.0,0.0
435,8073-IJDCM,0,0.8,0.2
3858,9822-BIIGN,0,0.99,0.01
6744,5494-WOZRZ,0,1.0,0.0
6751,5696-JVVQY,0,1.0,0.0
6482,0988-AADSA,0,1.0,0.0
3883,0269-XFESX,0,1.0,0.0
2400,8800-ZKRFW,0,1.0,0.0
727,0929-PECLO,0,1.0,0.0
1995,6786-OBWQR,1,0.35,0.65
1759,5630-IXDXV,0,1.0,0.0
3865,9862-KJTYK,0,0.98,0.02
317,5774-XZTQC,0,0.97,0.03
2556,9600-UDOPK,0,1.0,0.0
793,1285-OKIPP,1,0.03,0.97
1582,4879-GZLFH,0,1.0,0.0
3488,6789-HJBWG,0,0.98,0.02
1894,6288-LBEAR,0,1.0,0.0
6831,6701-YVNQG,0,1.0,0.0
6727,5275-PMFUT,0,1.0,0.0
881,1746-TGTWV,1,0.21,0.79
4889,2055-BFOCC,0,1.0,0.0
2715,0623-IIHUG,0,0.99,0.01
366,6838-HVLXG,0,0.99,0.01
1383,3990-QYKBE,0,1.0,0.0
298,5442-BXVND,0,1.0,0.0
2978,2833-SLKDQ,0,0.67,0.33
6776,5997-OPVFA,0,1.0,0.0
6826,6681-ZSEXG,0,1.0,0.0
2419,8884-ADFVN,1,0.25,0.75
4779,0020-JDNXP,0,1.0,0.0
4511,5056-FIMPT,0,1.0,0.0
6206,5322-TEUJK,0,1.0,0.0
5896,8540-ZQGEA,0,1.0,0.0
4748,9402-ROUMJ,0,1.0,0.0
178,3181-MIZBN,0,1.0,0.0
3007,3055-MJDSB,0,0.72,0.28
3050,3413-CSSTH,0,1.0,0.0
2602,9799-CAYJJ,1,0.33,0.67
5456,1705-GUHPV,0,1.0,0.0
38,0871-OPBXW,0,0.92,0.08
5175,6968-URWQU,0,1.0,0.0
272,4877-EVATK,0,0.9073333333333333,0.09266666666666666
3834,9626-WEQRM,0,0.6,0.4
2199,7760-OYPDY,1,0.27,0.73
3777,9089-UOWJG,0,0.99,0.01
3610,7776-QWNFX,0,1.0,0.0
5744,6181-AXXYF,0,1.0,0.0
1768,5666-CYCYZ,0,0.99,0.01
292,5260-UMPWX,0,1.0,0.0
4550,5578-NKCXI,0,1.0,0.0
335,6141-OOXUQ,0,0.685,0.315
2300,8266-VBFQL,1,0.33,0.67
4799,0373-AIVNJ,0,0.95,0.05
4590,6383-ZTSIW,0,1.0,0.0
2015,6894-LFHLY,1,0.0,1.0
4029,4464-JCOLN,0,0.88,0.12
4547,5553-AOINX,0,1.0,0.0
6652,4077-HWUYD,0,1.0,0.0
5970,9668-PUGNU,0,1.0,0.0
5978,9916-AYHTC,0,1.0,0.0
4598,6500-JVEGC,0,1.0,0.0
2782,1215-VFYVK,0,0.64,0.36
3956,2495-TTHBQ,0,0.98,0.02
422,7878-RTCZG,0,0.5368333333333333,0.4631666666666667
5015,4223-BKEOR,0,1.0,0.0
1102,2786-GCDPI,0,1.0,0.0
4529,5285-MVEHD,0,1.0,0.0
3499,6888-SBYAI,0,0.84,0.16
2815,1465-LNTLJ,0,0.87,0.13
2759,0988-JRWWP,1,0.3,0.7
5518,2595-KIWPV,0,1.0,0.0
4284,0824-VWDPO,0,1.0,0.0
6211,5440-FLBQG,0,1.0,0.0
3479,6702-OHFWR,1,0.22,0.78
1063,2636-ALXXZ,1,0.01,0.99
1961,6615-NGGZJ,0,0.99,0.01
5280,8822-KNBHV,0,1.0,0.0
6803,6384-VMJHP,0,1.0,0.0
35,0761-AETCS,0,0.94,0.06
2175,7598-UAASY,1,0.3,0.7
6325,7973-DZRKH,0,0.99,0.01
2603,9800-ONTFE,0,1.0,0.0
3524,7077-XJMET,0,0.92,0.08
4162,7813-TKCVO,0,1.0,0.0
4265,0481-SUMCB,0,1.0,0.0
1213,3198-VELRD,1,0.2,0.8
921,1980-KXVPM,1,0.1,0.9
1143,2931-SVLTV,0,1.0,0.0
2831,1585-MQSSU,0,1.0,0.0
6674,4615-PIVVU,0,1.0,0.0
5368,0402-OAMEN,0,1.0,0.0
870,1678-FYZOW,1,0.19,0.81
6504,1506-YJTYT,0,1.0,0.0
2517,9432-VOFYX,0,1.0,0.0
3175,4320-QMLLA,0,0.76,0.24
179,3190-FZATL,0,0.99,0.01
1180,3068-OMWZA,1,0.16,0.84
6854,7109-CQYUZ,0,1.0,0.0
89,1725-MIMXW,0,0.74,0.26
927,2012-NWRPA,1,0.19,0.81
6127,3396-DKDEL,0,1.0,0.0
6629,3654-ARMGP,0,1.0,0.0
6952,8571-ZCMCX,0,1.0,0.0
3665,8182-PNAGI,0,0.99,0.01
4707,8646-JCOMS,0,1.0,0.0
3421,6240-EURKS,0,1.0,0.0
2359,8622-ZLFKO,1,0.06,0.94
4632,7064-FRRSW,0,1.0,0.0
2166,7571-YXDAD,1,0.32,0.68
1676,5293-WXJAK,1,0.37,0.63
4888,2054-PJOCK,0,1.0,0.0
4935,2794-XIMMO,0,1.0,0.0
1036,2495-KZNFB,0,0.99,0.01
4421,3224-DFQNQ,0,1.0,0.0
4814,0657-DOGUM,0,1.0,0.0
3301,5206-HPJKM,0,1.0,0.0
2144,7493-TPUWZ,1,0.37,0.63
2617,9851-KIELU,0,0.63,0.37
7013,9499-XPZXM,0,1.0,0.0
2182,7627-JKIAZ,0,1.0,0.0
5087,5499-ECUTN,0,1.0,0.0
1947,6543-XRMYR,0,1.0,0.0
2850,1740-CSDJP,1,0.3,0.7
1616,5035-BVCXS,1,0.48,0.52
244,4430-YHXGG,0,0.97,0.03
2296,8225-BTJAU,1,0.26,0.74
5579,3521-HTQTV,0,1.0,0.0
828,1455-UGQVH,1,0.27,0.73
6442,0420-TXVSG,0,1.0,0.0
2486,9279-CJEOJ,0,0.99,0.01
118,2171-UDMFD,0,1.0,0.0
5766,6609-MXJHJ,0,1.0,0.0
1248,3370-GQEAL,0,1.0,0.0
3415,6207-WIOLX,0,1.0,0.0
1095,2739-CACDQ,0,1.0,0.0
8,0188-GWFLE,0,0.57,0.43
154,2740-JFBOK,0,0.99,0.01
7032,9867-XOBQA,0,1.0,0.0
3159,4208-UFFGW,1,0.33,0.67
515,9860-LISIZ,0,1.0,0.0
2208,7813-ZGGAW,0,1.0,0.0
5106,5872-OEQNH,0,1.0,0.0
2253,8020-BWHYL,0,0.99,0.01
1718,5442-XSDCW,1,0.49,0.51
5831,7601-DHFWZ,0,1.0,0.0
1940,6502-MJQAE,1,0.02,0.98
1914,6376-GAHQE,1,0.23,0.77
6628,3649-JPUGY,0,1.0,0.0
5159,6728-CZFEI,0,1.0,0.0
5276,8777-PVYGU,0,1.0,0.0
1271,3452-GWUIN,0,0.99,0.01
6125,3374-TTZTK,0,1.0,0.0
6676,4654-ULTTN,0,1.0,0.0
4046,4750-UKWJK,0,0.98,0.02
2672,0248-IPDFW,0,0.51,0.49
3651,8070-AAWZP,0,0.97,0.03
1926,6424-ELEYH,1,0.16,0.84
3763,8980-WQFWL,0,1.0,0.0
6064,1832-PEUTS,0,1.0,0.0
4605,6664-FPDAC,0,1.0,0.0
207,3750-RNQKR,0,0.99,0.01
6163,4178-EGMON,0,1.0,0.0
1107,2800-QQUSO,0,1.0,0.0
2427,8943-URTMR,1,0.35,0.65
2156,7534-BFESC,0,1.0,0.0
5356,0224-NIJLP,0,0.99,0.01
3641,7966-YOTQW,0,0.78,0.22
4330,1591-MQJTP,0,1.0,0.0
6219,5684-FJVYR,0,1.0,0.0
4366,2293-IJWPS,0,1.0,0.0
6567,2710-WYVXG,0,0.8,0.2
5401,0847-HGRML,0,1.0,0.0
6845,6953-PBDIN,0,1.0,0.0
1723,5480-TBGPH,0,1.0,0.0
3329,5447-VYTKW,0,1.0,0.0
3424,6260-ONULR,1,0.42,0.58
4664,7774-OJSXI,0,1.0,0.0
583,0295-PPHDO,1,0.05,0.95
2690,0375-HVGXO,1,0.13,0.87
6758,5762-TJXGK,0,1.0,0.0
2869,1862-SKORY,0,0.99,0.01
731,0946-CLJTI,0,1.0,0.0
667,0637-YLETY,0,0.99,0.01
944,2057-ZBLPD,0,1.0,0.0
3521,7065-YUNRY,0,0.5716666666666665,0.42833333333333334
2857,1791-PQHBB,1,0.39,0.61
1735,5539-TMZLF,1,0.04,0.96
1668,5271-DBYSJ,1,0.49,0.51
5576,3472-QPRCH,0,1.0,0.0
436,8138-EALND,0,1.0,0.0
808,1374-DMZUI,1,0.09,0.91
2001,6833-JMZYP,0,1.0,0.0
524,0004-TLHLJ,1,0.46,0.54
6089,2434-EEVDB,0,1.0,0.0
3911,1178-PZGAB,0,1.0,0.0
3758,8930-XOTDP,0,0.99,0.01
6968,8792-AOROI,0,0.98,0.02
501,9467-ROOLM,0,1.0,0.0
2447,9058-MJLZC,0,1.0,0.0
3942,1934-MKPXS,0,1.0,0.0
567,0219-YTZUE,1,0.17,0.83
6313,7691-XVTZH,0,1.0,0.0
5072,5160-UXJED,0,1.0,0.0
4077,5774-QPLTF,0,1.0,0.0
1502,4553-DVPZG,0,1.0,0.0
2088,7240-FQLHE,0,1.0,0.0
1784,5813-UECBU,0,1.0,0.0
2192,7703-ZEKEF,0,1.0,0.0
3375,5868-CZJDR,0,0.52,0.48
4588,6345-ULYRW,0,1.0,0.0
1289,3537-HPKQT,0,1.0,0.0
1568,4826-XTSOH,1,0.03,0.97
281,5018-HEKFO,0,0.98,0.02
1569,4828-FAZPK,0,0.99,0.01
4130,6974-DAFLI,0,1.0,0.0
463,8749-CLJXC,0,0.97,0.03
3675,8250-ZNGGW,0,0.72,0.28
4430,3351-NQLDI,0,1.0,0.0
4344,1950-KSVVJ,0,1.0,0.0
4091,5986-WWXDV,0,1.0,0.0
6196,5172-RKOCB,0,1.0,0.0
4231,9766-HGEDE,0,0.99,0.01
2086,7234-FECYN,1,0.32,0.68
437,8150-QUDFX,0,0.9233333333333333,0.07666666666666666
698,0781-LKXBR,1,0.29,0.71
2687,0356-ERHVT,0,0.64,0.36
1960,6599-RCLCJ,0,1.0,0.0
214,3845-FXCYS,0,0.61,0.39
3104,3787-TRIAL,0,0.96,0.04
477,9046-JBFWA,0,0.98,0.02
874,1704-NRWYE,0,0.61,0.39
5761,6518-KZXCB,0,1.0,0.0
1160,2988-GBIVW,0,0.99,0.01
2827,1559-DTODC,0,0.97,0.03
137,2480-JZOSN,1,0.47,0.53
4082,5849-ASHZJ,0,1.0,0.0
2138,7465-ZZRVX,1,0.07,0.93
837,1513-XNPPH,0,0.95,0.05
222,4013-GUXND,0,0.52,0.48
5667,4957-SREEC,0,1.0,0.0
5925,8957-THMOA,0,1.0,0.0
5927,8966-SNIZF,0,1.0,0.0
1908,6356-ELRKD,1,0.13,0.87
2520,9445-SZLCH,0,1.0,0.0
5478,2017-CCBLH,0,0.99,0.01
5742,6139-ZZRBQ,0,1.0,0.0
606,0376-OIWME,0,1.0,0.0
4636,7123-WQUHX,0,1.0,0.0
6924,8166-ZZTFS,0,1.0,0.0
647,0564-JJHGS,1,0.34,0.66
4872,1696-MZVAU,0,0.99,0.01
3839,9643-YBLUR,0,0.71,0.29
541,0112-QAWRZ,0,0.99,0.01
2345,8535-SFUTN,0,1.0,0.0
1053,2587-EKXTS,0,1.0,0.0
6481,0979-MOZQI,0,1.0,0.0
171,3043-SUDUA,0,1.0,0.0
3381,5924-IFQTT,0,0.99,0.01
4079,5789-LDFXO,0,1.0,0.0
4948,3021-VLNRJ,0,1.0,0.0
3193,4431-EDMIQ,0,0.81,0.19
6684,4723-BEGSG,0,1.0,0.0
3420,6235-VDHOM,1,0.48,0.52
4133,7026-YMSBE,0,1.0,0.0
3884,0307-BCOPK,0,0.99,0.01
5008,4115-UMJFQ,0,1.0,0.0
2050,7030-NJVDP,0,1.0,0.0
4454,3886-CERTZ,0,1.0,0.0
5233,7931-PXHFC,0,1.0,0.0
1399,4077-CROMM,0,1.0,0.0
5844,7711-GQBZC,0,1.0,0.0
6247,6308-CQRBU,0,1.0,0.0
3833,9591-YVTEB,0,1.0,0.0
6990,9225-BZLNZ,0,1.0,0.0
600,0354-WYROK,0,1.0,0.0
5805,7167-PCEYD,0,1.0,0.0
5502,2346-LOCWC,0,1.0,0.0
1012,2378-HTWFW,0,1.0,0.0
72,1423-BMPBQ,0,0.67,0.33
6656,4111-BNXIF,0,1.0,0.0
2754,0929-HYQEW,1,0.4,0.6
1037,2501-XWWTZ,0,0.5,0.5
3959,2589-AYCRP,0,1.0,0.0
2674,0260-ZDLGK,0,0.78,0.22
3273,5047-LHVLY,1,0.45,0.55
3086,3669-OYSJI,1,0.48,0.52
3544,7312-XSBAT,0,0.69,0.31
6023,0906-QVPMS,0,1.0,0.0
2245,7993-PYKOF,0,0.56,0.44
2981,2851-MMUTZ,0,1.0,0.0
30,0620-XEFWH,0,0.94,0.06
2331,8443-ZRDBZ,1,0.11,0.89
130,2371-JUNGC,0,0.95,0.05
3962,2662-NNTDK,0,1.0,0.0
861,1628-BIZYP,1,0.12,0.88
